url,path,status,redirect_to,section,title,h1,meta_description,word_count,inbound_links,duplicate_of
"https://www.towingperth.com/","/","200","","home","QUIK TOW & TRANSPORT","TOWING PERTH","","1516","1","/home"
"https://www.towingperth.com/home","/home","200","","home","QUIK TOW & TRANSPORT","TOWING PERTH","","1516","217",""
"https://www.towingperth.com/home/dangerous-roads-in-perth","/home/dangerous-roads-in-perth","200","","roads","QUIK TOW & TRANSPORT - DANGEROUS ROADS IN PERTH","DANGEROUS ROADS IN PERTH","","139","217",""
"https://www.towingperth.com/home/dangerous-roads-in-perth/towing-albany-highway","/home/dangerous-roads-in-perth/towing-albany-highway","200","","roads","QUIK TOW & TRANSPORT - Towing Albany Highway","TOWING ALBANY HIGHWAY","","1518","217",""
"https://www.towingperth.com/home/dangerous-roads-in-perth/towing-baldivis-road","/home/dangerous-roads-in-perth/towing-baldivis-road","200","","roads","QUIK TOW & TRANSPORT - Towing Baldivis Road","TOWING BALDIVIS ROAD","","1518","217",""
"https://www.towingperth.com/home/dangerous-roads-in-perth/towing-canning-highway","/home/dangerous-roads-in-perth/towing-canning-highway","200","","roads","QUIK TOW & TRANSPORT - Towing Canning Highway","TOWING CANNING HIGHWAY","","1518","217",""
"https://www.towingperth.com/home/dangerous-roads-in-perth/towing-garden-city","/home/dangerous-roads-in-perth/towing-garden-city","200","","roads","QUIK TOW & TRANSPORT - Towing Garden City","TOWING GARDEN CITY","","1518","217",""
"https://www.towingperth.com/home/dangerous-roads-in-perth/towing-great-eastern-highway","/home/dangerous-roads-in-perth/towing-great-eastern-highway","200","","roads","QUIK TOW & TRANSPORT - Towing GREAT EASTERN Highway","TOWING GREAT EASTERN HIGHWAY","","1520","217",""
"https://www.towingperth.com/home/dangerous-roads-in-perth/towing-hislop-road","/home/dangerous-roads-in-perth/towing-hislop-road","200","","roads","QUIK TOW & TRANSPORT - Towing HISLOP Road","TOWING HISLOP ROAD","","1518","217",""
"https://www.towingperth.com/home/dangerous-roads-in-perth/towing-joondalup-drive","/home/dangerous-roads-in-perth/towing-joondalup-drive","200","","roads","QUIK TOW & TRANSPORT - Towing JOONDALUP DRIVE","TOWING JOONDALUP DRIVE","","1518","217",""
"https://www.towingperth.com/home/dangerous-roads-in-perth/towing-kulija-road","/home/dangerous-roads-in-perth/towing-kulija-road","200","","roads","QUIK TOW & TRANSPORT - Towing Kulija Road","TOWING KULIJA ROAD","","1518","217",""
"https://www.towingperth.com/home/dangerous-roads-in-perth/towing-mitchell-freeway","/home/dangerous-roads-in-perth/towing-mitchell-freeway","200","","roads","QUIK TOW & TRANSPORT - Towing Mitchell Freeway","TOWING MITCHELL FREEWAY","","1518","217",""
"https://www.towingperth.com/home/dangerous-roads-in-perth/towing-nicholson-road","/home/dangerous-roads-in-perth/towing-nicholson-road","200","","roads","QUIK TOW & TRANSPORT - Towing NICHOLSON ROAD","TOWING NICHOLSON ROAD","","1518","217",""
"https://www.towingperth.com/home/dangerous-roads-in-perth/towing-ranford-road","/home/dangerous-roads-in-perth/towing-ranford-road","200","","roads","QUIK TOW & TRANSPORT - Towing Ranford Road","TOWING RANFORD ROAD","","1518","217",""
"https://www.towingperth.com/home/dangerous-roads-in-perth/towing-rome-road","/home/dangerous-roads-in-perth/towing-rome-road","200","","roads","QUIK TOW & TRANSPORT - Towing Rome Road","TOWING ROME ROAD","","1518","217",""
"https://www.towingperth.com/home/dangerous-roads-in-perth/towing-wanneroo-road","/home/dangerous-roads-in-perth/towing-wanneroo-road","200","","roads","QUIK TOW & TRANSPORT - Towing WANNEROO ROAD","TOWING WANNEROO ROAD","","1518","217",""
"https://www.towingperth.com/home/towing-eastern-suburbs-perth","/home/towing-eastern-suburbs-perth","200","","region:eastern","QUIK TOW & TRANSPORT - TOWING EASTERN SUBURBS PERTH","TOWING EASTERN SUBURBS PERTH","","140","217",""
"https://www.towingperth.com/home/towing-eastern-suburbs-perth/towing-ascot","/home/towing-eastern-suburbs-perth/towing-ascot","200","","region:eastern","QUIK TOW & TRANSPORT - Towing Ascot","TOWING ASCOT","","1516","217",""
"https://www.towingperth.com/home/towing-eastern-suburbs-perth/towing-bassendean","/home/towing-eastern-suburbs-perth/towing-bassendean","200","","region:eastern","QUIK TOW & TRANSPORT - TOWING BASSENDEAN","TOWING BASSENDEAN","","1517","217",""
"https://www.towingperth.com/home/towing-eastern-suburbs-perth/towing-bayswater","/home/towing-eastern-suburbs-perth/towing-bayswater","200","","region:eastern","QUIK TOW & TRANSPORT - TOWING BAYSWATER","TOWING BAYSWATER","","1515","217",""
"https://www.towingperth.com/home/towing-eastern-suburbs-perth/towing-beechboro","/home/towing-eastern-suburbs-perth/towing-beechboro","200","","region:eastern","QUIK TOW & TRANSPORT - TOWING BEECHBORO","TOWING BEECHBORO","","1516","217",""
"https://www.towingperth.com/home/towing-eastern-suburbs-perth/towing-bellevue","/home/towing-eastern-suburbs-perth/towing-bellevue","200","","region:eastern","QUIK TOW & TRANSPORT - TOWING BELLEVUE","TOWING BELLEVUE","","1516","217",""
"https://www.towingperth.com/home/towing-eastern-suburbs-perth/towing-belmont","/home/towing-eastern-suburbs-perth/towing-belmont","200","","region:eastern","QUIK TOW & TRANSPORT - TOWING BELMONT","TOWING BELMONT","","1516","217",""
"https://www.towingperth.com/home/towing-eastern-suburbs-perth/towing-bickley","/home/towing-eastern-suburbs-perth/towing-bickley","200","","region:eastern","QUIK TOW & TRANSPORT - TOWING BICKLEY","TOWING BICKLEY","","1516","217",""
"https://www.towingperth.com/home/towing-eastern-suburbs-perth/towing-boya","/home/towing-eastern-suburbs-perth/towing-boya","200","","region:eastern","QUIK TOW & TRANSPORT - TOWING BOYA","TOWING BOYA","","1516","217",""
"https://www.towingperth.com/home/towing-eastern-suburbs-perth/towing-chidlow","/home/towing-eastern-suburbs-perth/towing-chidlow","200","","region:eastern","QUIK TOW & TRANSPORT - TOWING CHIDLOW","TOWING CHIDLOW","","1516","217",""
"https://www.towingperth.com/home/towing-eastern-suburbs-perth/towing-darlington","/home/towing-eastern-suburbs-perth/towing-darlington","200","","region:eastern","QUIK TOW & TRANSPORT - TOWING DARLINGTON","TOWING DARLINGTON","","1516","217",""
"https://www.towingperth.com/home/towing-eastern-suburbs-perth/towing-dianella","/home/towing-eastern-suburbs-perth/towing-dianella","200","","region:eastern","QUIK TOW & TRANSPORT - TOWING DIANELLA","TOWING DIANELLA","","1516","217",""
"https://www.towingperth.com/home/towing-eastern-suburbs-perth/towing-eden-hill","/home/towing-eastern-suburbs-perth/towing-eden-hill","200","","region:eastern","QUIK TOW & TRANSPORT - TOWING EDEN HILL","TOWING EDIN HILL","","1537","217",""
"https://www.towingperth.com/home/towing-eastern-suburbs-perth/towing-forrestfield","/home/towing-eastern-suburbs-perth/towing-forrestfield","200","","region:eastern","QUIK TOW & TRANSPORT - TOWING FORRESTFIELD","TOWING FORRESTFIELD","","1516","217",""
"https://www.towingperth.com/home/towing-eastern-suburbs-perth/towing-glen-forrest","/home/towing-eastern-suburbs-perth/towing-glen-forrest","200","","region:eastern","QUIK TOW & TRANSPORT - TOWING GLEN FORREST","TOWING GlEN FORREST","","1537","217",""
"https://www.towingperth.com/home/towing-eastern-suburbs-perth/towing-gooseberry-hill","/home/towing-eastern-suburbs-perth/towing-gooseberry-hill","200","","region:eastern","QUIK TOW & TRANSPORT - TOWING GOOSEBERRY HILL","TOWING GOOSEBERRY HILL","","1537","217",""
"https://www.towingperth.com/home/towing-eastern-suburbs-perth/towing-greenmount","/home/towing-eastern-suburbs-perth/towing-greenmount","200","","region:eastern","QUIK TOW & TRANSPORT - TOWING GREENMOUNT","TOWING GREENMOUNTH","","1517","217",""
"https://www.towingperth.com/home/towing-eastern-suburbs-perth/towing-guildford","/home/towing-eastern-suburbs-perth/towing-guildford","200","","region:eastern","QUIK TOW & TRANSPORT - TOWING GUILDFORD","TOWING GUILDFORD","","1516","217",""
"https://www.towingperth.com/home/towing-eastern-suburbs-perth/towing-helena-valley","/home/towing-eastern-suburbs-perth/towing-helena-valley","200","","region:eastern","QUIK TOW & TRANSPORT - TOWING HELENA VALLEY","TOWING HELENA VALLEY","","1537","217",""
"https://www.towingperth.com/home/towing-eastern-suburbs-perth/towing-herne-hill","/home/towing-eastern-suburbs-perth/towing-herne-hill","200","","region:eastern","QUIK TOW & TRANSPORT - TOWING HERNE HILL","TOWING HERNE HILL","","1537","217",""
"https://www.towingperth.com/home/towing-eastern-suburbs-perth/towing-high-wycombe","/home/towing-eastern-suburbs-perth/towing-high-wycombe","200","","region:eastern","QUIK TOW & TRANSPORT - TOWING HIGH WYCOMBE","TOWING HIGH WYCOMBE","","1537","217",""
"https://www.towingperth.com/home/towing-eastern-suburbs-perth/towing-jane-brook","/home/towing-eastern-suburbs-perth/towing-jane-brook","200","","region:eastern","QUIK TOW & TRANSPORT - TOWING JANE BROOK","TOWING JANE BROOK","","1537","217",""
"https://www.towingperth.com/home/towing-eastern-suburbs-perth/towing-kalamunda","/home/towing-eastern-suburbs-perth/towing-kalamunda","200","","region:eastern","QUIK TOW & TRANSPORT - TOWING KALAMUNDA","TOWING KALAMUNDA","","1516","217",""
"https://www.towingperth.com/home/towing-eastern-suburbs-perth/towing-kiara","/home/towing-eastern-suburbs-perth/towing-kiara","200","","region:eastern","QUIK TOW & TRANSPORT - TOWING KIARA","TOWING KIARA","","1516","217",""
"https://www.towingperth.com/home/towing-eastern-suburbs-perth/towing-koongamia","/home/towing-eastern-suburbs-perth/towing-koongamia","200","","region:eastern","QUIK TOW & TRANSPORT - TOWING KOONGAMIA","TOWING KOONGAMIA","","1516","217",""
"https://www.towingperth.com/home/towing-eastern-suburbs-perth/towing-lesmurdie","/home/towing-eastern-suburbs-perth/towing-lesmurdie","200","","region:eastern","QUIK TOW & TRANSPORT - TOWING LESMURDIE","TOWING LESMURDIE","","1516","217",""
"https://www.towingperth.com/home/towing-eastern-suburbs-perth/towing-lockridge","/home/towing-eastern-suburbs-perth/towing-lockridge","200","","region:eastern","QUIK TOW & TRANSPORT - TOWING LOCKRIDGE","TOWING LOCKRIDGE","","1515","217",""
"https://www.towingperth.com/home/towing-eastern-suburbs-perth/towing-mahogany-creek","/home/towing-eastern-suburbs-perth/towing-mahogany-creek","200","","region:eastern","QUIK TOW & TRANSPORT - TOWING MAHOGANY CREEK","TOWING MAHOGANY CREEK","","1537","217",""
"https://www.towingperth.com/home/towing-eastern-suburbs-perth/towing-maida-vale","/home/towing-eastern-suburbs-perth/towing-maida-vale","200","","region:eastern","QUIK TOW & TRANSPORT - TOWING MAIDA VALE","TOWING MAIDA VALE","","1536","217",""
"https://www.towingperth.com/home/towing-eastern-suburbs-perth/towing-midland","/home/towing-eastern-suburbs-perth/towing-midland","200","","region:eastern","QUIK TOW & TRANSPORT - TOWING MIDLAND","TOWING MIDLAND","","1516","217",""
"https://www.towingperth.com/home/towing-eastern-suburbs-perth/towing-midvale","/home/towing-eastern-suburbs-perth/towing-midvale","200","","region:eastern","QUIK TOW & TRANSPORT - TOWING MIDVALE","TOWING MIDVALE","","1516","217",""
"https://www.towingperth.com/home/towing-eastern-suburbs-perth/towing-mount-helena","/home/towing-eastern-suburbs-perth/towing-mount-helena","200","","region:eastern","QUIK TOW & TRANSPORT - TOWING MOUNT HELENA","TOWING MOUNT HELENA","","1537","217",""
"https://www.towingperth.com/home/towing-eastern-suburbs-perth/towing-mundaring","/home/towing-eastern-suburbs-perth/towing-mundaring","200","","region:eastern","QUIK TOW & TRANSPORT - TOWING MUNDARING","TOWING MUNDARING","","1516","217",""
"https://www.towingperth.com/home/towing-eastern-suburbs-perth/towing-parkerville","/home/towing-eastern-suburbs-perth/towing-parkerville","200","","region:eastern","QUIK TOW & TRANSPORT - TOWING PARKERVILLE","TOWING PARKERVILLE","","1516","217",""
"https://www.towingperth.com/home/towing-eastern-suburbs-perth/towing-redcliffe","/home/towing-eastern-suburbs-perth/towing-redcliffe","200","","region:eastern","QUIK TOW & TRANSPORT - TOWING REDCLIFFE","TOWING REDCLIFFE","","1516","217",""
"https://www.towingperth.com/home/towing-eastern-suburbs-perth/towing-rivervale","/home/towing-eastern-suburbs-perth/towing-rivervale","200","","region:eastern","QUIK TOW & TRANSPORT - TOWING RIVERVALE","TOWING RIVERVALE","","1516","217",""
"https://www.towingperth.com/home/towing-eastern-suburbs-perth/towing-south-guildford","/home/towing-eastern-suburbs-perth/towing-south-guildford","200","","region:eastern","QUIK TOW & TRANSPORT - TOWING SOUTH GUILDFORD","TOWING SOUTH GUILDFORD","","1537","217",""
"https://www.towingperth.com/home/towing-eastern-suburbs-perth/towing-stratton","/home/towing-eastern-suburbs-perth/towing-stratton","200","","region:eastern","QUIK TOW & TRANSPORT - TOWING STRATTON","TOWING SOUTH STRATTON","","1518","217",""
"https://www.towingperth.com/home/towing-eastern-suburbs-perth/towing-swan-view","/home/towing-eastern-suburbs-perth/towing-swan-view","200","","region:eastern","QUIK TOW & TRANSPORT - TOWING SWAN VIEW","TOWING SWAN VIEW","","1537","217",""
"https://www.towingperth.com/home/towing-eastern-suburbs-perth/towing-viveash","/home/towing-eastern-suburbs-perth/towing-viveash","200","","region:eastern","QUIK TOW & TRANSPORT - TOWING VIVEASH","TOWING VIVEASH","","1515","217",""
"https://www.towingperth.com/home/towing-eastern-suburbs-perth/towing-wattle-grove","/home/towing-eastern-suburbs-perth/towing-wattle-grove","200","","region:eastern","QUIK TOW & TRANSPORT - TOWING WATTLE GROVE","TOWING WATTLE GROVE","","1535","217",""
"https://www.towingperth.com/home/towing-northern-suburbs-perth","/home/towing-northern-suburbs-perth","200","","region:northern","QUIK TOW & TRANSPORT - TOWING NORTHERN SUBURBS PERTH","TOWING NORTHERN SUBURBS PERTH","","145","217",""
"https://www.towingperth.com/home/towing-northern-suburbs-perth/towing-alexander-heights","/home/towing-northern-suburbs-perth/towing-alexander-heights","200","","region:northern","QUIK TOW & TRANSPORT - Towing ALEXANDER HEIGHTS","TOWING ALEXANDER HEIGHTS","","1536","217",""
"https://www.towingperth.com/home/towing-northern-suburbs-perth/towing-alkimos","/home/towing-northern-suburbs-perth/towing-alkimos","200","","region:northern","QUIK TOW & TRANSPORT - Towing ALKIMOS","TOWING ALKIMOS","","1516","217",""
"https://www.towingperth.com/home/towing-northern-suburbs-perth/towing-ashby","/home/towing-northern-suburbs-perth/towing-ashby","200","","region:northern","QUIK TOW & TRANSPORT - Towing ASHBY","TOWING ASHBY","","1517","217",""
"https://www.towingperth.com/home/towing-northern-suburbs-perth/towing-balcatta","/home/towing-northern-suburbs-perth/towing-balcatta","200","","region:northern","QUIK TOW & TRANSPORT - Towing BALCATTA","TOWING BALCATTA","","1517","217",""
"https://www.towingperth.com/home/towing-northern-suburbs-perth/towing-ballajura","/home/towing-northern-suburbs-perth/towing-ballajura","200","","region:northern","QUIK TOW & TRANSPORT - Towing BALLAJURA","TOWING BALLAJURA","","1516","217",""
"https://www.towingperth.com/home/towing-northern-suburbs-perth/towing-banksia-grove","/home/towing-northern-suburbs-perth/towing-banksia-grove","200","","region:northern","QUIK TOW & TRANSPORT - Towing BANKSIA GROVE","TOWING BANKSIA GROVE","","1536","217",""
"https://www.towingperth.com/home/towing-northern-suburbs-perth/towing-butler","/home/towing-northern-suburbs-perth/towing-butler","200","","region:northern","QUIK TOW & TRANSPORT - Towing BUTLER","TOWING BUTLER","","1516","217",""
"https://www.towingperth.com/home/towing-northern-suburbs-perth/towing-carine","/home/towing-northern-suburbs-perth/towing-carine","200","","region:northern","QUIK TOW & TRANSPORT - Towing CARINE","TOWING CARINE","","1516","217",""
"https://www.towingperth.com/home/towing-northern-suburbs-perth/towing-clarkson","/home/towing-northern-suburbs-perth/towing-clarkson","200","","region:northern","QUIK TOW & TRANSPORT - Towing CLARKSON","TOWING CLARKSON","","1516","217",""
"https://www.towingperth.com/home/towing-northern-suburbs-perth/towing-craigie","/home/towing-northern-suburbs-perth/towing-craigie","200","","region:northern","QUIK TOW & TRANSPORT - Towing CRAIGIE","TOWING CRAIGIE","","1516","217",""
"https://www.towingperth.com/home/towing-northern-suburbs-perth/towing-currambine","/home/towing-northern-suburbs-perth/towing-currambine","200","","region:northern","QUIK TOW & TRANSPORT - Towing CURRAMBINE","TOWING CURRAMBINE","","1516","217",""
"https://www.towingperth.com/home/towing-northern-suburbs-perth/towing-darch","/home/towing-northern-suburbs-perth/towing-darch","200","","region:northern","QUIK TOW & TRANSPORT - Towing DARCH","TOWING DARCH","","1516","217",""
"https://www.towingperth.com/home/towing-northern-suburbs-perth/towing-duncraig","/home/towing-northern-suburbs-perth/towing-duncraig","200","","region:northern","QUIK TOW & TRANSPORT - Towing DUNCRAIG","TOWING DUNCRAIG","","1516","217",""
"https://www.towingperth.com/home/towing-northern-suburbs-perth/towing-edgewater","/home/towing-northern-suburbs-perth/towing-edgewater","200","","region:northern","QUIK TOW & TRANSPORT - Towing EDGEWATER","TOWING EDGEWATER","","1516","217",""
"https://www.towingperth.com/home/towing-northern-suburbs-perth/towing-eglinton","/home/towing-northern-suburbs-perth/towing-eglinton","200","","region:northern","QUIK TOW & TRANSPORT - Towing EGLINTON","TOWING EGLINTON","","1516","217",""
"https://www.towingperth.com/home/towing-northern-suburbs-perth/towing-girrawheen","/home/towing-northern-suburbs-perth/towing-girrawheen","200","","region:northern","QUIK TOW & TRANSPORT - Towing Girrawheen","TOWING GIRRAWHEEN","","1516","217",""
"https://www.towingperth.com/home/towing-northern-suburbs-perth/towing-greenwood","/home/towing-northern-suburbs-perth/towing-greenwood","200","","region:northern","QUIK TOW & TRANSPORT - Towing GREENWOOD","TOWING GREENWOOD","","1516","217",""
"https://www.towingperth.com/home/towing-northern-suburbs-perth/towing-heathridge","/home/towing-northern-suburbs-perth/towing-heathridge","200","","region:northern","QUIK TOW & TRANSPORT - Towing HEATHRIDGE","TOWING HEATHRIDGE","","1516","217",""
"https://www.towingperth.com/home/towing-northern-suburbs-perth/towing-hillarys","/home/towing-northern-suburbs-perth/towing-hillarys","200","","region:northern","QUIK TOW & TRANSPORT - Towing HILLARYS","TOWING HILLARYS","","1517","217",""
"https://www.towingperth.com/home/towing-northern-suburbs-perth/towing-hocking","/home/towing-northern-suburbs-perth/towing-hocking","200","","region:northern","QUIK TOW & TRANSPORT - TOWING HOCKING","TOWING HOCKING","","1516","217",""
"https://www.towingperth.com/home/towing-northern-suburbs-perth/towing-iluka","/home/towing-northern-suburbs-perth/towing-iluka","200","","region:northern","QUIK TOW & TRANSPORT - TOWING ILUKA","TOWING ILUKA","","1516","217",""
"https://www.towingperth.com/home/towing-northern-suburbs-perth/towing-jindalee","/home/towing-northern-suburbs-perth/towing-jindalee","200","","region:northern","QUIK TOW & TRANSPORT - TOWING JINDALEE","TOWING JINDALEE","","1516","217",""
"https://www.towingperth.com/home/towing-northern-suburbs-perth/towing-joondalup","/home/towing-northern-suburbs-perth/towing-joondalup","200","","region:northern","QUIK TOW & TRANSPORT - Towing Joondalup","TOWING JOONDALUP","","1516","217",""
"https://www.towingperth.com/home/towing-northern-suburbs-perth/towing-joondalup_1","/home/towing-northern-suburbs-perth/towing-joondalup_1","200","","region:northern","QUIK TOW & TRANSPORT - TOWING JOONDALUP","TOWING JOONDALUP","","1516","217","/home/towing-northern-suburbs-perth/towing-joondalup"
"https://www.towingperth.com/home/towing-northern-suburbs-perth/towing-kallaroo","/home/towing-northern-suburbs-perth/towing-kallaroo","200","","region:northern","QUIK TOW & TRANSPORT - TOWING KALLAROO","TOWING KALLAROO","","1516","217",""
"https://www.towingperth.com/home/towing-northern-suburbs-perth/towing-kingsley","/home/towing-northern-suburbs-perth/towing-kingsley","200","","region:northern","QUIK TOW & TRANSPORT - TOWING KINGSLEY","TOWING KINGSLEY","","1516","217",""
"https://www.towingperth.com/home/towing-northern-suburbs-perth/towing-kinross","/home/towing-northern-suburbs-perth/towing-kinross","200","","region:northern","QUIK TOW & TRANSPORT - TOWING KINROSS","TOWING KINROSS","","1516","217",""
"https://www.towingperth.com/home/towing-northern-suburbs-perth/towing-landsdale","/home/towing-northern-suburbs-perth/towing-landsdale","200","","region:northern","QUIK TOW & TRANSPORT - TOWING LANDSDALE","TOWING LANDSDALE","","1516","217",""
"https://www.towingperth.com/home/towing-northern-suburbs-perth/towing-madeley","/home/towing-northern-suburbs-perth/towing-madeley","200","","region:northern","QUIK TOW & TRANSPORT - TOWING MADELEY","TOWING MADELEY","","1515","217",""
"https://www.towingperth.com/home/towing-northern-suburbs-perth/towing-marangaroo","/home/towing-northern-suburbs-perth/towing-marangaroo","200","","region:northern","QUIK TOW & TRANSPORT - TOWING MARANGAROO","TOWING MARANGAROO","","1517","217",""
"https://www.towingperth.com/home/towing-northern-suburbs-perth/towing-marmion","/home/towing-northern-suburbs-perth/towing-marmion","200","","region:northern","QUIK TOW & TRANSPORT - TOWING MARMION","TOWING MARMION","","1516","217",""
"https://www.towingperth.com/home/towing-northern-suburbs-perth/towing-mindarie","/home/towing-northern-suburbs-perth/towing-mindarie","200","","region:northern","QUIK TOW & TRANSPORT - TOWING MINDARIE","TOWING MINDARIE","","1516","217",""
"https://www.towingperth.com/home/towing-northern-suburbs-perth/towing-mullaloo","/home/towing-northern-suburbs-perth/towing-mullaloo","200","","region:northern","QUIK TOW & TRANSPORT - TOWING MULLALOO","TOWING MULLALOO","","1516","217",""
"https://www.towingperth.com/home/towing-northern-suburbs-perth/towing-ocean-reef","/home/towing-northern-suburbs-perth/towing-ocean-reef","200","","region:northern","QUIK TOW & TRANSPORT - TOWING OCEAN REEF","TOWING OCEAN REEF","","1536","217",""
"https://www.towingperth.com/home/towing-northern-suburbs-perth/towing-padbury","/home/towing-northern-suburbs-perth/towing-padbury","200","","region:northern","QUIK TOW & TRANSPORT - TOWING PADBURY","TOWING PADBURY","","1517","217",""
"https://www.towingperth.com/home/towing-northern-suburbs-perth/towing-pearsall","/home/towing-northern-suburbs-perth/towing-pearsall","200","","region:northern","QUIK TOW & TRANSPORT - TOWING PEARSALL","TOWING PEARSALL","","1516","217",""
"https://www.towingperth.com/home/towing-northern-suburbs-perth/towing-quinns-rocks","/home/towing-northern-suburbs-perth/towing-quinns-rocks","200","","region:northern","QUIK TOW & TRANSPORT - TOWING QUINNS ROCKS","TOWING QUINS ROCKS","","1536","217",""
"https://www.towingperth.com/home/towing-northern-suburbs-perth/towing-ridgewood","/home/towing-northern-suburbs-perth/towing-ridgewood","200","","region:northern","QUIK TOW & TRANSPORT - TOWING RIDGEWOOD","TOWING RIDGEWOOD","","1518","217",""
"https://www.towingperth.com/home/towing-northern-suburbs-perth/towing-sorrento","/home/towing-northern-suburbs-perth/towing-sorrento","200","","region:northern","QUIK TOW & TRANSPORT - TOWING SORRENTO","TOWING SORRENTO","","1518","217",""
"https://www.towingperth.com/home/towing-northern-suburbs-perth/towing-tamala-park","/home/towing-northern-suburbs-perth/towing-tamala-park","200","","region:northern","QUIK TOW & TRANSPORT - TOWING TAMALA PARK","TOWING TAMALA PARK","","1536","217",""
"https://www.towingperth.com/home/towing-northern-suburbs-perth/towing-tapping","/home/towing-northern-suburbs-perth/towing-tapping","200","","region:northern","QUIK TOW & TRANSPORT - TOWING TAPPING","TOWING TAPPING","","1521","217",""
"https://www.towingperth.com/home/towing-northern-suburbs-perth/towing-two-rocks","/home/towing-northern-suburbs-perth/towing-two-rocks","200","","region:northern","QUIK TOW & TRANSPORT - TOWING TWO ROCKS","TOWING TWO ROCKS","","1536","217",""
"https://www.towingperth.com/home/towing-northern-suburbs-perth/towing-wangara","/home/towing-northern-suburbs-perth/towing-wangara","200","","region:northern","QUIK TOW & TRANSPORT - TOWING WANGARA","TOWING WANGARA","","1516","217",""
"https://www.towingperth.com/home/towing-northern-suburbs-perth/towing-wanneroo","/home/towing-northern-suburbs-perth/towing-wanneroo","200","","region:northern","QUIK TOW & TRANSPORT - TOWING WANNEROO","TOWING WANNEROO","","1521","217",""
"https://www.towingperth.com/home/towing-northern-suburbs-perth/towing-warwick","/home/towing-northern-suburbs-perth/towing-warwick","200","","region:northern","QUIK TOW & TRANSPORT - TOWING WARWICK","TOWING WARWICK","","1516","217",""
"https://www.towingperth.com/home/towing-northern-suburbs-perth/towing-woodvale","/home/towing-northern-suburbs-perth/towing-woodvale","200","","region:northern","QUIK TOW & TRANSPORT - TOWING WOODVALE","TOWING WOODVALE","","1516","217",""
"https://www.towingperth.com/home/towing-northern-suburbs-perth/towing-yanchep","/home/towing-northern-suburbs-perth/towing-yanchep","200","","region:northern","QUIK TOW & TRANSPORT - TOWING YANCHEP","TOWING YANCHEP","","1516","217",""
"https://www.towingperth.com/home/towing-south-eastern-suburbs-perth","/home/towing-south-eastern-suburbs-perth","200","","region:south-eastern","QUIK TOW & TRANSPORT - Towing South Eastern Suburbs Perth","Towing South Eastern Suburbs Perth","","135","217",""
"https://www.towingperth.com/home/towing-south-eastern-suburbs-perth/towing-armadale","/home/towing-south-eastern-suburbs-perth/towing-armadale","200","","region:south-eastern","QUIK TOW & TRANSPORT - Towing Armadale","TOWING ARMADALE","","1516","217",""
"https://www.towingperth.com/home/towing-south-eastern-suburbs-perth/towing-ashendon","/home/towing-south-eastern-suburbs-perth/towing-ashendon","200","","region:south-eastern","QUIK TOW & TRANSPORT - TOWING ASHENDON","TOWING ASHENDON","","1516","217",""
"https://www.towingperth.com/home/towing-south-eastern-suburbs-perth/towing-beckenham","/home/towing-south-eastern-suburbs-perth/towing-beckenham","200","","region:south-eastern","QUIK TOW & TRANSPORT - TOWING BECKENHAM","TOWING BECKENHAM","","1516","217",""
"https://www.towingperth.com/home/towing-south-eastern-suburbs-perth/towing-bedfordale","/home/towing-south-eastern-suburbs-perth/towing-bedfordale","200","","region:south-eastern","QUIK TOW & TRANSPORT - TOWING BEDFORDALE","TOWING BEDFORDALE","","1516","217",""
"https://www.towingperth.com/home/towing-south-eastern-suburbs-perth/towing-belmont","/home/towing-south-eastern-suburbs-perth/towing-belmont","200","","region:south-eastern","QUIK TOW & TRANSPORT - TOWING BELMONT","TOWING BELMONT","","1516","217","/home/towing-eastern-suburbs-perth/towing-belmont"
"https://www.towingperth.com/home/towing-south-eastern-suburbs-perth/towing-bentley","/home/towing-south-eastern-suburbs-perth/towing-bentley","200","","region:south-eastern","QUIK TOW & TRANSPORT - TOWING BENTLEY","TOWING BENTLEY","","1516","217",""
"https://www.towingperth.com/home/towing-south-eastern-suburbs-perth/towing-brookdale","/home/towing-south-eastern-suburbs-perth/towing-brookdale","200","","region:south-eastern","QUIK TOW & TRANSPORT - TOWING BROOKDALE","TOWING BROOKDALE","","1516","217",""
"https://www.towingperth.com/home/towing-south-eastern-suburbs-perth/towing-camillo","/home/towing-south-eastern-suburbs-perth/towing-camillo","200","","region:south-eastern","QUIK TOW & TRANSPORT - TOWING CAMILLO","TOWING CAMILLO","","1516","217",""
"https://www.towingperth.com/home/towing-south-eastern-suburbs-perth/towing-cannington","/home/towing-south-eastern-suburbs-perth/towing-cannington","200","","region:south-eastern","QUIK TOW & TRANSPORT - TOWING CANNINGTON","TOWING CANNINGTON","","1516","217",""
"https://www.towingperth.com/home/towing-south-eastern-suburbs-perth/towing-champion-lakes","/home/towing-south-eastern-suburbs-perth/towing-champion-lakes","200","","region:south-eastern","QUIK TOW & TRANSPORT - TOWING CHAMPION LAKES","TOWING CHAMPION LAKES","","1536","217",""
"https://www.towingperth.com/home/towing-south-eastern-suburbs-perth/towing-cloverdale","/home/towing-south-eastern-suburbs-perth/towing-cloverdale","200","","region:south-eastern","QUIK TOW & TRANSPORT - TOWING CLOVERDALE","TOWING CLOVERDALE","","1517","217",""
"https://www.towingperth.com/home/towing-south-eastern-suburbs-perth/towing-east-cannington","/home/towing-south-eastern-suburbs-perth/towing-east-cannington","200","","region:south-eastern","QUIK TOW & TRANSPORT - TOWING EAST CANNINGTON","TOWING EAST CANNINGTON","","1536","217",""
"https://www.towingperth.com/home/towing-south-eastern-suburbs-perth/towing-ferndale","/home/towing-south-eastern-suburbs-perth/towing-ferndale","200","","region:south-eastern","QUIK TOW & TRANSPORT - TOWING FERNDALE","TOWING FERNDALE","","1516","217",""
"https://www.towingperth.com/home/towing-south-eastern-suburbs-perth/towing-forrestfield","/home/towing-south-eastern-suburbs-perth/towing-forrestfield","200","","region:south-eastern","QUIK TOW & TRANSPORT - TOWING FORRESTFIELD","TOWING FORRESTFIELD","","1516","217","/home/towing-eastern-suburbs-perth/towing-forrestfield"
"https://www.towingperth.com/home/towing-south-eastern-suburbs-perth/towing-gosnells","/home/towing-south-eastern-suburbs-perth/towing-gosnells","200","","region:south-eastern","QUIK TOW & TRANSPORT - TOWING GOSNELLS","TOWING GOSNELLS","","1516","217",""
"https://www.towingperth.com/home/towing-south-eastern-suburbs-perth/towing-huntingdale","/home/towing-south-eastern-suburbs-perth/towing-huntingdale","200","","region:south-eastern","QUIK TOW & TRANSPORT - TOWING HUNTINGDALE","TOWING HUNTINGDALE","","1516","217",""
"https://www.towingperth.com/home/towing-south-eastern-suburbs-perth/towing-karawara","/home/towing-south-eastern-suburbs-perth/towing-karawara","200","","region:south-eastern","QUIK TOW & TRANSPORT - TOWING KARAWARA","TOWING KARAWARA","","1516","217",""
"https://www.towingperth.com/home/towing-south-eastern-suburbs-perth/towing-kenwick","/home/towing-south-eastern-suburbs-perth/towing-kenwick","200","","region:south-eastern","QUIK TOW & TRANSPORT - TOWING KENWICK","TOWING RIVERTON","","1516","217",""
"https://www.towingperth.com/home/towing-south-eastern-suburbs-perth/towing-kewdale","/home/towing-south-eastern-suburbs-perth/towing-kewdale","200","","region:south-eastern","QUIK TOW & TRANSPORT - TOWING KEWDALE","TOWING KEWDALE","","1516","217",""
"https://www.towingperth.com/home/towing-south-eastern-suburbs-perth/towing-langford","/home/towing-south-eastern-suburbs-perth/towing-langford","200","","region:south-eastern","QUIK TOW & TRANSPORT - TOWING LANGFORD","TOWING LANGFORD","","1516","217",""
"https://www.towingperth.com/home/towing-south-eastern-suburbs-perth/towing-lathlain","/home/towing-south-eastern-suburbs-perth/towing-lathlain","200","","region:south-eastern","QUIK TOW & TRANSPORT - TOWING LATHLAIN","TOWING LATHLAIN","","1516","217",""
"https://www.towingperth.com/home/towing-south-eastern-suburbs-perth/towing-lynwood","/home/towing-south-eastern-suburbs-perth/towing-lynwood","200","","region:south-eastern","QUIK TOW & TRANSPORT - TOWING LYNWOOD","TOWING LYNWOOD","","1516","217",""
"https://www.towingperth.com/home/towing-south-eastern-suburbs-perth/towing-maddington","/home/towing-south-eastern-suburbs-perth/towing-maddington","200","","region:south-eastern","QUIK TOW & TRANSPORT - TOWING MADDINGTON","TOWING MARTIN","","1516","217",""
"https://www.towingperth.com/home/towing-south-eastern-suburbs-perth/towing-martin","/home/towing-south-eastern-suburbs-perth/towing-martin","200","","region:south-eastern","QUIK TOW & TRANSPORT - TOWING MARTIN","TOWING MARTIN","","1516","217",""
"https://www.towingperth.com/home/towing-south-eastern-suburbs-perth/towing-orange-grove","/home/towing-south-eastern-suburbs-perth/towing-orange-grove","200","","region:south-eastern","QUIK TOW & TRANSPORT - TOWING ORANGE GROVE","TOWING ORANGE GROVE","","1536","217",""
"https://www.towingperth.com/home/towing-south-eastern-suburbs-perth/towing-parkwood","/home/towing-south-eastern-suburbs-perth/towing-parkwood","200","","region:south-eastern","QUIK TOW & TRANSPORT - TOWING PARKWOOD","TOWING PARKWOOD","","1516","217",""
"https://www.towingperth.com/home/towing-south-eastern-suburbs-perth/towing-piara-waters","/home/towing-south-eastern-suburbs-perth/towing-piara-waters","200","","region:south-eastern","QUIK TOW & TRANSPORT - TOWING PIARA WATERS","TOWING PIARA WATERS","","1536","217",""
"https://www.towingperth.com/home/towing-south-eastern-suburbs-perth/towing-queens-park","/home/towing-south-eastern-suburbs-perth/towing-queens-park","200","","region:south-eastern","QUIK TOW & TRANSPORT - TOWING QUEENS PARK","TOWING QUEENS PARK","","1535","217",""
"https://www.towingperth.com/home/towing-south-eastern-suburbs-perth/towing-riverton","/home/towing-south-eastern-suburbs-perth/towing-riverton","200","","region:south-eastern","QUIK TOW & TRANSPORT - TOWING RIVERTON","TOWING RIVERTON","","1516","217",""
"https://www.towingperth.com/home/towing-south-eastern-suburbs-perth/towing-rossmoyne","/home/towing-south-eastern-suburbs-perth/towing-rossmoyne","200","","region:south-eastern","QUIK TOW & TRANSPORT - TOWING ROSSMOYNE","TOWING ROSSMOYNE","","1516","217",""
"https://www.towingperth.com/home/towing-south-eastern-suburbs-perth/towing-salter-point","/home/towing-south-eastern-suburbs-perth/towing-salter-point","200","","region:south-eastern","QUIK TOW & TRANSPORT - TOWING SALTER POINT","TOWING SALTER POINT","","1536","217",""
"https://www.towingperth.com/home/towing-south-eastern-suburbs-perth/towing-shelley","/home/towing-south-eastern-suburbs-perth/towing-shelley","200","","region:south-eastern","QUIK TOW & TRANSPORT - TOWING SHELLEY","TOWING SHELLEY","","1518","217",""
"https://www.towingperth.com/home/towing-south-eastern-suburbs-perth/towing-southern-river","/home/towing-south-eastern-suburbs-perth/towing-southern-river","200","","region:south-eastern","QUIK TOW & TRANSPORT - TOWING SOUTHERN RIVER","TOWING SOUTHERN RIVER","","1536","217",""
"https://www.towingperth.com/home/towing-south-eastern-suburbs-perth/towing-st-james","/home/towing-south-eastern-suburbs-perth/towing-st-james","200","","region:south-eastern","QUIK TOW & TRANSPORT - TOWING ST JAMES","TOWING ST JAMES","","1537","217",""
"https://www.towingperth.com/home/towing-south-eastern-suburbs-perth/towing-thornlie","/home/towing-south-eastern-suburbs-perth/towing-thornlie","200","","region:south-eastern","QUIK TOW & TRANSPORT - TOWING THORNLIE","TOWING THORNLIE","","1516","217",""
"https://www.towingperth.com/home/towing-south-eastern-suburbs-perth/towing-victoria-park","/home/towing-south-eastern-suburbs-perth/towing-victoria-park","200","","region:south-eastern","QUIK TOW & TRANSPORT - TOWING VICTORIA PARK","TOWING VICTORIA PARK","","1536","217",""
"https://www.towingperth.com/home/towing-south-eastern-suburbs-perth/towing-waterford","/home/towing-south-eastern-suburbs-perth/towing-waterford","200","","region:south-eastern","QUIK TOW & TRANSPORT - TOWING WATERFORD","TOWING WATERFORD","","1516","217",""
"https://www.towingperth.com/home/towing-south-eastern-suburbs-perth/towing-welshpool","/home/towing-south-eastern-suburbs-perth/towing-welshpool","200","","region:south-eastern","QUIK TOW & TRANSPORT - TOWING WELSHPOOL","TOWING WELSHPOOL","","1516","217",""
"https://www.towingperth.com/home/towing-south-eastern-suburbs-perth/towing-wilson","/home/towing-south-eastern-suburbs-perth/towing-wilson","200","","region:south-eastern","QUIK TOW & TRANSPORT - TOWING WILSON","TOWING WILSON","","1516","217",""
"https://www.towingperth.com/home/towing-southern-suburbs-perth","/home/towing-southern-suburbs-perth","200","","region:southern","QUIK TOW & TRANSPORT - Towing Southern Suburbs Perth","Towing Southern Suburbs Perth","","157","217",""
"https://www.towingperth.com/home/towing-southern-suburbs-perth/towing-alfred-cove","/home/towing-southern-suburbs-perth/towing-alfred-cove","200","","region:southern","QUIK TOW & TRANSPORT - Towing ALFRED COVE","TOWING ALFRED COVE","","1518","217",""
"https://www.towingperth.com/home/towing-southern-suburbs-perth/towing-applecross","/home/towing-southern-suburbs-perth/towing-applecross","200","","region:southern","QUIK TOW & TRANSPORT - TOWING APPLECROSS","TOWING APPLECROSS","","1516","217",""
"https://www.towingperth.com/home/towing-southern-suburbs-perth/towing-ardross","/home/towing-southern-suburbs-perth/towing-ardross","200","","region:southern","QUIK TOW & TRANSPORT - TOWING ARDROSS","TOWING ARDROSS","","1516","217",""
"https://www.towingperth.com/home/towing-southern-suburbs-perth/towing-atwell","/home/towing-southern-suburbs-perth/towing-atwell","200","","region:southern","QUIK TOW & TRANSPORT - TOWING ATWELL","TOWING ATWELL","","1516","217",""
"https://www.towingperth.com/home/towing-southern-suburbs-perth/towing-aubin-grove","/home/towing-southern-suburbs-perth/towing-aubin-grove","200","","region:southern","QUIK TOW & TRANSPORT - TOWING AUBIN GROVE","TOWING AUBIN GROVE","","1536","217",""
"https://www.towingperth.com/home/towing-southern-suburbs-perth/towing-bateman","/home/towing-southern-suburbs-perth/towing-bateman","200","","region:southern","QUIK TOW & TRANSPORT - TOWING BATEMAN","TOWING BATEMAN","","1516","217",""
"https://www.towingperth.com/home/towing-southern-suburbs-perth/towing-beaconsfield","/home/towing-southern-suburbs-perth/towing-beaconsfield","200","","region:southern","QUIK TOW & TRANSPORT - TOWING BEACONSFIELD","TOWING BEACONSFIELD","","1516","217",""
"https://www.towingperth.com/home/towing-southern-suburbs-perth/towing-beeliar","/home/towing-southern-suburbs-perth/towing-beeliar","200","","region:southern","QUIK TOW & TRANSPORT - TOWING BEELIAR","TOWING BEELIAR","","1516","217",""
"https://www.towingperth.com/home/towing-southern-suburbs-perth/towing-bibra-lake","/home/towing-southern-suburbs-perth/towing-bibra-lake","200","","region:southern","QUIK TOW & TRANSPORT - TOWING BIBRA LAKE","TOWING BIBRA LAKE","","1536","217",""
"https://www.towingperth.com/home/towing-southern-suburbs-perth/towing-bicton","/home/towing-southern-suburbs-perth/towing-bicton","200","","region:southern","QUIK TOW & TRANSPORT - TOWING BICTON","TOWING BICTON","","1516","217",""
"https://www.towingperth.com/home/towing-southern-suburbs-perth/towing-booragoon","/home/towing-southern-suburbs-perth/towing-booragoon","200","","region:southern","QUIK TOW & TRANSPORT - TOWING BOORAGOON","TOWING BOORAGOON","","1516","217",""
"https://www.towingperth.com/home/towing-southern-suburbs-perth/towing-brentwood","/home/towing-southern-suburbs-perth/towing-brentwood","200","","region:southern","QUIK TOW & TRANSPORT - TOWING BRENTWOOD","TOWING BRENTWOOD","","1516","217",""
"https://www.towingperth.com/home/towing-southern-suburbs-perth/towing-bull-creek","/home/towing-southern-suburbs-perth/towing-bull-creek","200","","region:southern","QUIK TOW & TRANSPORT - TOWING BULL CREEK","TOWING BULL CREEK","","1536","217",""
"https://www.towingperth.com/home/towing-southern-suburbs-perth/towing-canning-vale","/home/towing-southern-suburbs-perth/towing-canning-vale","200","","region:southern","QUIK TOW & TRANSPORT - TOWING CANNING VALE","TOWING CANNING VALE","","1536","217",""
"https://www.towingperth.com/home/towing-southern-suburbs-perth/towing-cardup","/home/towing-southern-suburbs-perth/towing-cardup","200","","region:southern","QUIK TOW & TRANSPORT - TOWING CARDUP","TOWING CARDUP","","1516","217",""
"https://www.towingperth.com/home/towing-southern-suburbs-perth/towing-cockburn-central","/home/towing-southern-suburbs-perth/towing-cockburn-central","200","","region:southern","QUIK TOW & TRANSPORT - TOWING COCKBURN CENTRAL","TOWING COCKBURN CENTRAL","","1536","217",""
"https://www.towingperth.com/home/towing-southern-suburbs-perth/towing-coogee","/home/towing-southern-suburbs-perth/towing-coogee","200","","region:southern","QUIK TOW & TRANSPORT - TOWING COOGEE","TOWING COOGEE","","1516","217",""
"https://www.towingperth.com/home/towing-southern-suburbs-perth/towing-coolbellup","/home/towing-southern-suburbs-perth/towing-coolbellup","200","","region:southern","QUIK TOW & TRANSPORT - TOWING COOLBELLUP","TOWING EAST FREMANTLE","","1536","217",""
"https://www.towingperth.com/home/towing-southern-suburbs-perth/towing-hamilton-hil","/home/towing-southern-suburbs-perth/towing-hamilton-hil","200","","region:southern","QUIK TOW & TRANSPORT - TOWING HAMILTON HIL","TOWING HAMILTON HILL","","1536","217",""
"https://www.towingperth.com/home/towing-southern-suburbs-perth/towing-hammond-park","/home/towing-southern-suburbs-perth/towing-hammond-park","200","","region:southern","QUIK TOW & TRANSPORT - TOWING HAMMOND PARK","TOWING HAMMOND PARK","","1536","217",""
"https://www.towingperth.com/home/towing-southern-suburbs-perth/towing-henderson","/home/towing-southern-suburbs-perth/towing-henderson","200","","region:southern","QUIK TOW & TRANSPORT - TOWING HENDERSON","TOWING HENDERSON","","1516","217",""
"https://www.towingperth.com/home/towing-southern-suburbs-perth/towing-hilton","/home/towing-southern-suburbs-perth/towing-hilton","200","","region:southern","QUIK TOW & TRANSPORT - TOWING HILTON","TOWING HILTON","","1516","217",""
"https://www.towingperth.com/home/towing-southern-suburbs-perth/towing-jandakot","/home/towing-southern-suburbs-perth/towing-jandakot","200","","region:southern","QUIK TOW & TRANSPORT - TOWING JANDAKOT","TOWING JANDAKOT","","1516","217",""
"https://www.towingperth.com/home/towing-southern-suburbs-perth/towing-kardinya","/home/towing-southern-suburbs-perth/towing-kardinya","200","","region:southern","QUIK TOW & TRANSPORT - TOWING KARDINYA","TOWING KARDINYA","","1516","217",""
"https://www.towingperth.com/home/towing-southern-suburbs-perth/towing-kwinana","/home/towing-southern-suburbs-perth/towing-kwinana","200","","region:southern","QUIK TOW & TRANSPORT - TOWING KWINANA","TOWING KWINANA","","1516","217",""
"https://www.towingperth.com/home/towing-southern-suburbs-perth/towing-leeming","/home/towing-southern-suburbs-perth/towing-leeming","200","","region:southern","QUIK TOW & TRANSPORT - TOWING LEEMING","TOWING LEEMING","","1516","217",""
"https://www.towingperth.com/home/towing-southern-suburbs-perth/towing-melville","/home/towing-southern-suburbs-perth/towing-melville","200","","region:southern","QUIK TOW & TRANSPORT - TOWING MELVILLE","TOWING MELVILLE","","1516","217",""
"https://www.towingperth.com/home/towing-southern-suburbs-perth/towing-munster","/home/towing-southern-suburbs-perth/towing-munster","200","","region:southern","QUIK TOW & TRANSPORT - TOWING MUNSTER","TOWING MUNSTER","","1516","217",""
"https://www.towingperth.com/home/towing-southern-suburbs-perth/towing-murdoch","/home/towing-southern-suburbs-perth/towing-murdoch","200","","region:southern","QUIK TOW & TRANSPORT - TOWING MURDOCH","TOWING MURDOCH","","1516","217",""
"https://www.towingperth.com/home/towing-southern-suburbs-perth/towing-myaree","/home/towing-southern-suburbs-perth/towing-myaree","200","","region:southern","QUIK TOW & TRANSPORT - TOWING MYAREE","TOWING MYAREE","","1516","217",""
"https://www.towingperth.com/home/towing-southern-suburbs-perth/towing-naval-base","/home/towing-southern-suburbs-perth/towing-naval-base","200","","region:southern","QUIK TOW & TRANSPORT - TOWING NAVAL BASE","TOWING NAVAL BASE","","1536","217",""
"https://www.towingperth.com/home/towing-southern-suburbs-perth/towing-north-coogee","/home/towing-southern-suburbs-perth/towing-north-coogee","200","","region:southern","QUIK TOW & TRANSPORT - TOWING NORTH COOGEE","TOWING NORTH COOGEE","","1536","217",""
"https://www.towingperth.com/home/towing-southern-suburbs-perth/towing-north-lake","/home/towing-southern-suburbs-perth/towing-north-lake","200","","region:southern","QUIK TOW & TRANSPORT - TOWING NORTH LAKE","TOWING O'CONNOR","","1517","217",""
"https://www.towingperth.com/home/towing-southern-suburbs-perth/towing-palmyra","/home/towing-southern-suburbs-perth/towing-palmyra","200","","region:southern","QUIK TOW & TRANSPORT - TOWING PALMYRA","TOWING PALMYRA","","1516","217",""
"https://www.towingperth.com/home/towing-southern-suburbs-perth/towing-samson","/home/towing-southern-suburbs-perth/towing-samson","200","","region:southern","QUIK TOW & TRANSPORT - TOWING SAMSON","TOWING SAMSON","","1516","217",""
"https://www.towingperth.com/home/towing-southern-suburbs-perth/towing-south-fremantle","/home/towing-southern-suburbs-perth/towing-south-fremantle","200","","region:southern","QUIK TOW & TRANSPORT - TOWING SOUTH FREMANTLE","TOWING SOUTH FREMANTLE","","1535","217",""
"https://www.towingperth.com/home/towing-southern-suburbs-perth/towing-south-lake","/home/towing-southern-suburbs-perth/towing-south-lake","200","","region:southern","QUIK TOW & TRANSPORT - TOWING SOUTH LAKE","TOWING SOUTH LAKE","","1535","217",""
"https://www.towingperth.com/home/towing-southern-suburbs-perth/towing-spearwood","/home/towing-southern-suburbs-perth/towing-spearwood","200","","region:southern","QUIK TOW & TRANSPORT - TOWING SPEARWOOD","TOWING SPEARWOOD","","1516","217",""
"https://www.towingperth.com/home/towing-southern-suburbs-perth/towing-success","/home/towing-southern-suburbs-perth/towing-success","200","","region:southern","QUIK TOW & TRANSPORT - TOWING SUCCESS","TOWING SUCCESS","","1515","217",""
"https://www.towingperth.com/home/towing-southern-suburbs-perth/towing-wandi","/home/towing-southern-suburbs-perth/towing-wandi","200","","region:southern","QUIK TOW & TRANSPORT - TOWING WANDI","TOWING WANDI","","1515","217",""
"https://www.towingperth.com/home/towing-southern-suburbs-perth/towing-wattleup","/home/towing-southern-suburbs-perth/towing-wattleup","200","","region:southern","QUIK TOW & TRANSPORT - TOWING WATTLEUP","TOWING WATTLEUP","","1515","217",""
"https://www.towingperth.com/home/towing-southern-suburbs-perth/towing-white-gum-valley","/home/towing-southern-suburbs-perth/towing-white-gum-valley","200","","region:southern","QUIK TOW & TRANSPORT - TOWING WHITE GUM VALLEY","TOWING WHITE GUM VALLEY","","1553","217",""
"https://www.towingperth.com/home/towing-southern-suburbs-perth/towing-willagee","/home/towing-southern-suburbs-perth/towing-willagee","200","","region:southern","QUIK TOW & TRANSPORT - TOWING WILLAGEE","TOWING WILLAGEE","","1515","217",""
"https://www.towingperth.com/home/towing-southern-suburbs-perth/towing-winthrop","/home/towing-southern-suburbs-perth/towing-winthrop","200","","region:southern","QUIK TOW & TRANSPORT - TOWING WINTHROP","TOWING WINTHROP","","1515","217",""
"https://www.towingperth.com/home/towing-southern-suburbs-perth/towing-yangebup","/home/towing-southern-suburbs-perth/towing-yangebup","200","","region:southern","QUIK TOW & TRANSPORT - TOWING YANGEBUP","TOWING YANGEBUP","","1515","217",""
"https://www.towingperth.com/home/towing-western-suburbs-perth","/home/towing-western-suburbs-perth","200","","region:western","QUIK TOW & TRANSPORT - Towing Western Suburbs Perth","Towing Western Suburbs Perth","","108","217",""
"https://www.towingperth.com/home/towing-western-suburbs-perth/owing-wembley-downs","/home/towing-western-suburbs-perth/owing-wembley-downs","200","","region:western","QUIK TOW & TRANSPORT - OWING WEMBLEY DOWNS","TOWING WEMBLEY DOWNS","","1536","217",""
"https://www.towingperth.com/home/towing-western-suburbs-perth/towing-city-beach","/home/towing-western-suburbs-perth/towing-city-beach","200","","region:western","QUIK TOW & TRANSPORT - Towing CITY BEACH","TOWING CITY BEACH","","1535","217",""
"https://www.towingperth.com/home/towing-western-suburbs-perth/towing-claremont","/home/towing-western-suburbs-perth/towing-claremont","200","","region:western","QUIK TOW & TRANSPORT - TOWING CLAREMONT","TOWING CLAREMONT","","1516","217",""
"https://www.towingperth.com/home/towing-western-suburbs-perth/towing-cottesloe","/home/towing-western-suburbs-perth/towing-cottesloe","200","","region:western","QUIK TOW & TRANSPORT - TOWING COTTESLOE","TOWING COTTESLOE","","1516","217",""
"https://www.towingperth.com/home/towing-western-suburbs-perth/towing-crawley","/home/towing-western-suburbs-perth/towing-crawley","200","","region:western","QUIK TOW & TRANSPORT - TOWING CRAWLEY","TOWING CRAWLEY","","1516","217",""
"https://www.towingperth.com/home/towing-western-suburbs-perth/towing-dalkeith","/home/towing-western-suburbs-perth/towing-dalkeith","200","","region:western","QUIK TOW & TRANSPORT - TOWING DALKEITH","TOWING DOUBLEVIEW","","1516","217",""
"https://www.towingperth.com/home/towing-western-suburbs-perth/towing-floreat","/home/towing-western-suburbs-perth/towing-floreat","200","","region:western","QUIK TOW & TRANSPORT - TOWING FLOREAT","TOWING FLOREAT","","1516","217",""
"https://www.towingperth.com/home/towing-western-suburbs-perth/towing-glendalough","/home/towing-western-suburbs-perth/towing-glendalough","200","","region:western","QUIK TOW & TRANSPORT - TOWING GLENDALOUGH","TOWING GLENDALOUGH","","1516","217",""
"https://www.towingperth.com/home/towing-western-suburbs-perth/towing-innaloo","/home/towing-western-suburbs-perth/towing-innaloo","200","","region:western","QUIK TOW & TRANSPORT - TOWING INNALOO","TOWING INNALOO","","1516","217",""
"https://www.towingperth.com/home/towing-western-suburbs-perth/towing-jolimont","/home/towing-western-suburbs-perth/towing-jolimont","200","","region:western","QUIK TOW & TRANSPORT - TOWING JOLIMONT","TOWING JOLIMONT","","1516","217",""
"https://www.towingperth.com/home/towing-western-suburbs-perth/towing-karrakatta","/home/towing-western-suburbs-perth/towing-karrakatta","200","","region:western","QUIK TOW & TRANSPORT - TOWING KARRAKATTA","TOWING KARRAKATTA","","1516","217",""
"https://www.towingperth.com/home/towing-western-suburbs-perth/towing-karrinyup","/home/towing-western-suburbs-perth/towing-karrinyup","200","","region:western","QUIK TOW & TRANSPORT - TOWING KARRINYUP","TOWING KARRINYUP","","1516","217",""
"https://www.towingperth.com/home/towing-western-suburbs-perth/towing-mosman-park","/home/towing-western-suburbs-perth/towing-mosman-park","200","","region:western","QUIK TOW & TRANSPORT - TOWING MOSMAN PARK","TOWING MOSMAN PARK","","1536","217",""
"https://www.towingperth.com/home/towing-western-suburbs-perth/towing-mount-claremont","/home/towing-western-suburbs-perth/towing-mount-claremont","200","","region:western","QUIK TOW & TRANSPORT - TOWING MOUNT CLAREMONT","TOWING MOUNT CLAREMONT","","1536","217",""
"https://www.towingperth.com/home/towing-western-suburbs-perth/towing-nedlands","/home/towing-western-suburbs-perth/towing-nedlands","200","","region:western","QUIK TOW & TRANSPORT - TOWING NEDLANDS","TOWING NEDLANDS","","1516","217",""
"https://www.towingperth.com/home/towing-western-suburbs-perth/towing-north-fremantle","/home/towing-western-suburbs-perth/towing-north-fremantle","200","","region:western","QUIK TOW & TRANSPORT - TOWING NORTH FREMANTLE","TOWING NORTH FREMANTLE","","1536","217",""
"https://www.towingperth.com/home/towing-western-suburbs-perth/towing-osborne-park","/home/towing-western-suburbs-perth/towing-osborne-park","200","","region:western","QUIK TOW & TRANSPORT - TOWING OSBORNE PARK","TOWING OSBORNE PARK","","1536","217",""
"https://www.towingperth.com/home/towing-western-suburbs-perth/towing-peppermint-grove","/home/towing-western-suburbs-perth/towing-peppermint-grove","200","","region:western","QUIK TOW & TRANSPORT - TOWING PEPPERMINT GROVE","TOWING PEPPERMINT GROVE","","1536","217",""
"https://www.towingperth.com/home/towing-western-suburbs-perth/towing-scarborough","/home/towing-western-suburbs-perth/towing-scarborough","200","","region:western","QUIK TOW & TRANSPORT - TOWING SCARBOROUGH","TOWING SCARBOROUGH","","1516","217",""
"https://www.towingperth.com/home/towing-western-suburbs-perth/towing-shenton-park","/home/towing-western-suburbs-perth/towing-shenton-park","200","","region:western","QUIK TOW & TRANSPORT - TOWING SHENTON PARK","TOWING SHENTON PARK","","1536","217",""
"https://www.towingperth.com/home/towing-western-suburbs-perth/towing-subiaco","/home/towing-western-suburbs-perth/towing-subiaco","200","","region:western","QUIK TOW & TRANSPORT - TOWING SUBIACO","TOWING SUBIACO","","1516","217",""
"https://www.towingperth.com/home/towing-western-suburbs-perth/towing-swanbourne","/home/towing-western-suburbs-perth/towing-swanbourne","200","","region:western","QUIK TOW & TRANSPORT - TOWING SWANBOURNE","TOWING SWANBOURNE","","1516","217",""
"https://www.towingperth.com/home/towing-western-suburbs-perth/towing-wembley","/home/towing-western-suburbs-perth/towing-wembley","200","","region:western","QUIK TOW & TRANSPORT - TOWING WEMBLEY","TOWING WEMBLEY","","1516","217",""
"https://www.towingperth.com/home/towing-western-suburbs-perth/towing-west-leederville","/home/towing-western-suburbs-perth/towing-west-leederville","200","","region:western","QUIK TOW & TRANSPORT - TOWING WEST LEEDERVILLE","TOWING WEST LEEDERVILLE","","1536","217",""
"https://www.towingperth.com/home/towing-western-suburbs-perth/towing-woodlands","/home/towing-western-suburbs-perth/towing-woodlands","200","","region:western","QUIK TOW & TRANSPORT - TOWING WOODLANDS","TOWING WOODLANDS","","1517","217",""
